"EffectiveDate";"Status";"SubService";"ExpressRoute";"Protocol";"Port";"Value";"Guid";"PublicationDate";"DescriptionIsParsable";"OperationType";"QuickDescription"
;;;;;;"N/A";"fa204cfc-402a-4fe6-818e-f9105dfb303b";"7/15/2014 7:00:00 AM";"False";"Unknown";"Unknown - read description"
;;;;;;"N/A";"3bfd5029-fe71-407e-b920-4cfc403afd60";"7/22/2014 7:00:00 AM";"False";"Unknown";"Unknown - read description"
;;;;;;"N/A";"2afd6018-ef91-405d-bb30-3bfd5029fe71";"7/22/2014 7:00:00 AM";"False";"Unknown";"Unknown - read description"
;;;;;;"N/A";"06dfa303-bfc5-4029-be71-07ef9205cfb4";"8/12/2014 7:00:00 AM";"False";"Unknown";"Unknown - read description"
;;;;;;"N/A";"03afd601-8ef8-4106-9fa3-04bfc5029fe7";"8/26/2014 11:00:00 AM";"False";"Unknown";"Unknown - read description"
;;;;;;"N/A";"029fe710-6efa-4204-8fc4-02afd6018ef8";"9/2/2014 9:15:00 AM";"False";"Unknown";"Unknown - read description"
;;;;;;"N/A";"6018ef81-06df-4a30-8bfc-5029fe7007ef";"9/9/2014 7:31:00 AM";"False";"Unknown";"Unknown - read description"
;;;;;;"N/A";"06dfa304-bfc5-4029-be71-07ef9205cfb4";"9/30/2014 5:36:00 AM";"False";"Unknown";"Unknown - read description"
;;;;;;"N/A";"5029fe70-07ef-4920-9cfb-403afd6018ff";"9/30/2014 5:37:00 AM";"False";"Unknown";"Unknown - read description"
;;;;;;"N/A";"3afd6018-ff81-406d-ba30-4bfc5029fe70";"9/30/2014 5:38:00 AM";"False";"Unknown";"Unknown - read description"
;;;;;;"N/A";"f9105dfb-303b-4fd5-829f-e7106efa204c";"9/30/2014 5:39:00 AM";"False";"Unknown";"Unknown - read description"
;;;;;;"N/A";"6018ef81-05df-4b30-bbfd-5029fe7107ef";"9/30/2014 5:40:00 AM";"False";"Unknown";"Unknown - read description"
;;;;;;"N/A";"6018ef81-06df-4b30-bbfd-5029fe7107ef";"10/7/2014 9:12:00 AM";"False";"Unknown";"Unknown - read description"
;;;;;;"N/A";"7107ef92-04cf-4c40-aafd-6018ef8106df";"10/9/2014 5:00:00 AM";"False";"Unknown";"Unknown - read description"
;;;;;;"N/A";"fd6018fe-8106-4dfa-b04b-fc5029fe7017";"10/10/2014 5:00:00 AM";"False";"Unknown";"Unknown - read description"
;;;;;;"N/A";"fc402afe-7017-4ef9-a05d-fb303bfd5019";"10/21/2014 10:27:00 AM";"False";"Unknown";"Unknown - read description"
;;;;;;"N/A";"04cfc402-afd6-4018-af81-05dfb303bfd5";"10/28/2014 9:04:00 AM";"False";"Unknown";"Unknown - read description"
;;;;;;"N/A";"9fe7107e-f920-45cf-b403-afd6018ef810";"10/28/2014 9:04:00 AM";"False";"Unknown";"Unknown - read description"
;;;;;;"N/A";"fe6018ef-9105-4dfb-b03b-fd5029fe7106";"11/4/2014 3:35:00 AM";"False";"Unknown";"Unknown - read description"
;;;;;;"N/A";"017ef920-5dfb-4303-bfd5-019fe8106efa";"11/11/2014 9:18:00 AM";"False";"Unknown";"Unknown - read description"
;;;;;;"N/A";"f9205cfb-403a-4fd6-818f-e8106dfa304c";"11/25/2014 8:32:00 AM";"False";"Unknown";"Unknown - read description"
;;;;;;"N/A";"6dfa204c-fc40-42af-a701-7ef9205dfb30";"11/25/2014 8:32:00 AM";"False";"Unknown";"Unknown - read description"
;;;;;;"N/A";"fd5029fe-7107-4ef9-a04c-fc403afd6018";"11/25/2014 8:32:00 AM";"False";"Unknown";"Unknown - read description"
;;;;;;"N/A";"efa204cf-c402-4afd-a018-ef9105dfb303";"12/9/2014 8:07:00 AM";"False";"Unknown";"Unknown - read description"
;;;;;;"N/A";"fc402afe-6017-4ef9-905d-fb303bfd5019";"12/16/2014 3:22:00 AM";"False";"Unknown";"Unknown - read description"
;;;;;;"N/A";"fe7106ef-a204-4cfc-802a-fd6018ef8105";"12/16/2014 3:23:00 AM";"False";"Unknown";"Unknown - read description"
;;;;;;"N/A";"bfc5029f-e701-47ef-9205-cfb303bfd601";"1/13/2015 4:03:00 AM";"False";"Unknown";"Unknown - read description"
;;;;;;"N/A";"b303bfd5-019f-4e81-86ef-a204cfc402af";"1/27/2015 2:07:00 AM";"False";"Unknown";"Unknown - read description"
;;;;;;"N/A";"4cfc4029-fe70-417e-b920-5dfb303bfd50";"3/17/2015 2:00:00 AM";"False";"Unknown";"Unknown - read description"
;;;;;;"N/A";"bfd5018f-e810-46df-a204-cfc402afe601";"3/17/2015 2:01:00 AM";"False";"Unknown";"Unknown - read description"
;;;;;;"N/A";"dfa204cf-c402-4afe-b017-ef9205dfb303";"3/17/2015 2:02:00 AM";"False";"Unknown";"Unknown - read description"
;;;;;;"N/A";"ef9205cf-b403-4afd-a018-ff8106dfa304";"3/17/2015 2:03:00 AM";"False";"Unknown";"Unknown - read description"
;;;;;;"N/A";"d5019fe7-106e-4fa2-84cf-c402afd6018e";"3/17/2015 2:04:00 AM";"False";"Unknown";"Unknown - read description"
;;;;;;"N/A";"29fe7007-ef92-405c-bb40-3afd6018ff81";"3/17/2015 2:05:00 AM";"False";"Unknown";"Unknown - read description"
;;;;;;"N/A";"6017ef91-05df-4b30-bbfd-5019fe7106ef";"3/17/2015 2:06:00 AM";"False";"Unknown";"Unknown - read description"
;;;;;;"N/A";"ef9205df-b303-4bfd-a018-fe8106dfa204";"3/17/2015 2:07:00 AM";"False";"Unknown";"Unknown - read description"
;;;;;;"N/A";"d5018fe8-106d-4fa2-84cf-c402afe7017e";"3/17/2015 2:08:00 AM";"False";"Unknown";"Unknown - read description"
;;;;;;"N/A";"6606ac8e-97ca-4c1a-b8af-c54efe774b3c";"3/24/2015 4:52:00 AM";"False";"Unknown";"Unknown - read description"
;;;;;;"N/A";"03bfd501-9fe8-4106-afa2-04cfc402afe6";"3/24/2015 4:53:00 AM";"False";"Unknown";"Unknown - read description"
;;;;;;"N/A";"04bfc502-9fe7-4017-af92-05cfb403afd6";"3/24/2015 4:54:00 AM";"False";"Unknown";"Unknown - read description"
;;;;;;"N/A";"fe7106ef-a204-4cfc-802a-fd6018ef9105";"3/24/2015 4:55:00 AM";"False";"Unknown";"Unknown - read description"
;;;;;;"N/A";"f9105dfb-303b-4fd5-819f-e7106efa204c";"3/31/2015 7:47:00 AM";"False";"Unknown";"Unknown - read description"
;;;;;;"N/A";"e7017ef9-205d-4fb3-83bf-d5019fe8106e";"3/31/2015 7:48:00 AM";"False";"Unknown";"Unknown - read description"
;;;;;;"N/A";"afe7017e-f920-45df-b303-bfd5018fe810";"4/7/2015 7:18:00 AM";"False";"Unknown";"Unknown - read description"
;;;;;;"N/A";"03bfd601-8fe8-4106-9fa2-04cfc402afe7";"4/14/2015 11:16:00 AM";"False";"Unknown";"Unknown - read description"
;;;;;;"N/A";"cfc402af-e601-47ef-9105-dfb303bfd501";"4/21/2015 3:46:00 AM";"False";"Unknown";"Unknown - read description"
;;;;;;"N/A";"fe8106df-a304-4bfc-9029-fe7017ef9205";"4/21/2015 5:32:00 AM";"False";"Unknown";"Unknown - read description"
;;;;;;"N/A";"fd5029fe-7107-4efa-a04c-fc402afd6018";"4/28/2015 8:46:00 AM";"False";"Unknown";"Unknown - read description"
;;;;;;"N/A";"c4029fe7-017e-4f92-85df-b303bfd5018f";"5/4/2015 10:26:00 PM";"False";"Unknown";"Unknown - read description"
;;;;;;"N/A";"e7007ef9-205c-4fb4-83af-d6018fe8106d";"5/13/2015 10:09:00 AM";"False";"Unknown";"Unknown - read description"
;;;;;;"N/A";"cfc403af-d601-48ef-8106-dfa304bfc502";"5/13/2015 10:09:00 AM";"False";"Unknown";"Unknown - read description"
;;;;;;"N/A";"a204cfc4-02af-4e70-97ef-9205dfb303bf";"5/15/2015 8:50:00 PM";"False";"Unknown";"Unknown - read description"
;;;;;;"N/A";"fd5019fe-8106-4efa-a04c-fc402afe6018";"5/15/2015 8:51:00 PM";"False";"Unknown";"Unknown - read description"
;;;;;;"N/A";"7ef9205d-fb30-43bf-9501-9fe8106efa20";"5/23/2015 11:20:00 AM";"False";"Unknown";"Unknown - read description"
;;;;;;"N/A";"107efa20-4cfc-4402-afd6-018ef8106dfb";"5/23/2015 11:21:00 AM";"False";"Unknown";"Unknown - read description"
;;;;;;"N/A";"b403afd6-018f-4f81-86df-a304bfc5029f";"6/9/2015 10:50:00 PM";"False";"Unknown";"Unknown - read description"
;;;;;;"N/A";"e7017ef9-205d-4fb3-83bf-d6018fe8106d";"6/24/2015 6:02:00 AM";"False";"Unknown";"Unknown - read description"
;;;;;;"N/A";"8fe8106d-fa30-44bf-8502-9fe7017ef920";"6/30/2015 8:37:00 PM";"False";"Unknown";"Unknown - read description"
;;;;;;"N/A";"fa204cfc-402a-4fe6-817e-f9105dfb303b";"7/8/2015 2:50:00 AM";"False";"Unknown";"Unknown - read description"
;;;;;;"N/A";"ef9205cf-b303-4afd-a018-fe8106dfa204";"7/15/2015 1:55:00 AM";"False";"Unknown";"Unknown - read description"
;;;;;;"N/A";"fb303bfd-5029-4fe7-907e-fa204cfc402a";"7/29/2015 10:30:43 AM";"False";"Unknown";"Unknown - read description"
;;;;;;"N/A";"fe6017ef-9205-4dfb-b03b-fd5019fe8106";"7/29/2015 10:32:43 AM";"False";"Unknown";"Unknown - read description"
;;;;;;"N/A";"9fe7106e-fa20-44cf-8402-afd6018ef810";"7/29/2015 10:33:43 AM";"False";"Unknown";"Unknown - read description"
;;;;;;"N/A";"fc402afe-6018-4ef9-905d-fb303bfd5029";"7/29/2015 10:34:43 AM";"False";"Unknown";"Unknown - read description"
;;;;;;"N/A";"8106dfa2-04cf-4c40-a9fe-7017ef9205df";"7/29/2015 10:35:43 AM";"False";"Unknown";"Unknown - read description"
;;;;;;"N/A";"fc5029fe-7017-4ef9-a05c-fb403afd6018";"7/29/2015 10:36:43 AM";"False";"Unknown";"Unknown - read description"
;;;;;;"N/A";"05cfb403-afd6-4018-be81-06dfa304cfc5";"8/25/2015 9:00:00 AM";"False";"Unknown";"Unknown - read description"
;;;;;;"N/A";"b403afd6-018f-4e81-86df-a304bfc5029f";"8/25/2015 9:00:00 AM";"False";"Unknown";"Unknown - read description"
;;;;;;"N/A";"2a64d570-51e3-42e8-a687-97bbbbf5011c";"8/25/2015 9:00:00 AM";"False";"Unknown";"Unknown - read description"
;;;;;;"N/A";"5cfb403a-fd60-418f-a810-6dfa304cfc40";"8/25/2015 9:00:00 AM";"False";"Unknown";"Unknown - read description"
;;;;;;"N/A";"9fe7107e-f920-44cf-8403-afd6018ef810";"8/25/2015 9:00:00 AM";"False";"Unknown";"Unknown - read description"
;;;;;;"N/A";"065a41d9-9487-4462-9999-738d75f95996";"9/22/2015 5:37:32 PM";"False";"Unknown";"Unknown - read description"
;;;;;;"N/A";"fa304bfc-5029-4fe7-817e-f9205cfb403a";"9/22/2015 5:37:32 PM";"False";"Unknown";"Unknown - read description"
;;;;;;"N/A";"4cfc402a-fe70-417e-b920-5dfb303bfd50";"10/6/2015 1:06:40 PM";"False";"Unknown";"Unknown - read description"
;;;;;;"N/A";"efa204cf-c402-4afe-a018-ef9105dfb303";"10/8/2015 4:43:47 PM";"False";"Unknown";"Unknown - read description"
;;;;;;"N/A";"7c3eda4c-4390-4784-9eee-6abd55b4d155";"10/22/2015 3:48:37 PM";"False";"Unknown";"Unknown - read description"
;;;;;;"N/A";"dfa303bf-c502-49fe-b107-ef9205cfb403";"10/26/2015 2:54:58 PM";"False";"Unknown";"Unknown - read description"
;;;;;;"N/A";"9fe7107e-fa20-44cf-8402-afd6018ef810";"10/28/2015 2:48:45 PM";"False";"Unknown";"Unknown - read description"
;;;;;;"N/A";"018fe810-6dfa-4204-8fc4-029fe7017ef9";"10/29/2015 4:02:52 PM";"False";"Unknown";"Unknown - read description"
;;;;;;"N/A";"fe7107ef-9205-4cfb-803a-fd6018ff8106";"11/3/2015 11:39:08 AM";"False";"Unknown";"Unknown - read description"
;;;;;;"N/A";"204cfc40-2afd-4601-8ef8-105dfb303bfd";"11/3/2015 11:39:08 AM";"False";"Unknown";"Unknown - read description"
;;;;;;"N/A";"17ef9205-dfb3-403b-bd50-19fe8106dfa2";"11/13/2015 12:09:43 PM";"False";"Unknown";"Unknown - read description"
;;;;;;"N/A";"e8106dfa-304b-4fc5-829f-e7017ef9205c";"11/18/2015 9:52:20 AM";"False";"Unknown";"Unknown - read description"
;;;;;;"N/A";"d6018ef8-106d-4fa3-84bf-c5029fe7107e";"11/20/2015 12:15:01 PM";"False";"Unknown";"Unknown - read description"
;;;;;;"N/A";"9fe7017e-f920-45cf-b403-afd6018fe810";"11/24/2015 9:40:43 PM";"False";"Unknown";"Unknown - read description"
;;;;;;"N/A";"65663112-17a2-4187-bdc2-d5acee69212c";"11/30/2015 11:33:08 AM";"False";"Unknown";"Unknown - read description"
;;;;;;"N/A";"9fe8106e-fa20-44cf-8402-afe6018ef910";"12/3/2015 2:45:24 PM";"False";"Unknown";"Unknown - read description"
;;;;;;"N/A";"d6018ef8-106d-4fa3-84bf-c5029fe7007e";"12/3/2015 2:45:24 PM";"False";"Unknown";"Unknown - read description"
;;;;;;"N/A";"5cfb403a-fd60-418f-a810-6dfa304bfc50";"12/3/2015 2:45:24 PM";"False";"Unknown";"Unknown - read description"
;;;;;;"N/A";"402afd60-18ef-4810-adfa-303bfc5029fe";"12/8/2015 3:25:15 PM";"False";"Unknown";"Unknown - read description"
;;;;;;"N/A";"04bfc502-9fe7-4017-af92-05cfb303bfd6";"12/8/2015 3:25:15 PM";"False";"Unknown";"Unknown - read description"
;;;;;;"N/A";"18ef8106-dfa3-404b-bc50-29fe7007ef92";"12/10/2015 11:46:10 AM";"False";"Unknown";"Unknown - read description"
;;;;;;"N/A";"05dfb303-bfd5-4029-be71-07ef9204cfc4";"12/14/2015 3:24:49 PM";"False";"Unknown";"Unknown - read description"
;;;;;;"N/A";"f9205dfb-303b-4fd5-818f-e8106dfa204c";"12/14/2015 3:24:49 PM";"False";"Unknown";"Unknown - read description"
;;;;;;"N/A";"d5018fe8-106d-4fa2-84cf-c402afe6017e";"12/15/2015 5:34:53 PM";"False";"Unknown";"Unknown - read description"
;;;;;;"N/A";"8ef8106d-fa30-44bf-8502-9fe7007ef920";"12/21/2015 2:02:07 PM";"False";"Unknown";"Unknown - read description"
;;;;;;"N/A";"29fe7007-ef92-405c-bb40-3afd6018fe81";"1/6/2016 12:56:15 PM";"False";"Unknown";"Unknown - read description"
;;;;;;"N/A";"17ef9105-dfb3-403b-bd50-19fe7106efa2";"1/13/2016 11:55:42 AM";"False";"Unknown";"Unknown - read description"
;;;;;;"N/A";"4bfc5029-fe70-417e-b920-5cfb303bfd60";"1/13/2016 11:55:42 AM";"False";"Unknown";"Unknown - read description"
;;;;;;"N/A";"29fe7017-ef92-405c-bb40-3afd6018fe81";"2/8/2016 11:59:40 AM";"True";"InfoONly";"Information - read description"
"2/5/2016 12:00:00 AM";"Optional";"Shared help and support";"False";"TCP";"443";"support.office.com";"6018ef91-05df-4b30-bbfd-5029fe7107ef";"2/8/2016 11:59:40 AM";"True";"Adding";"Adding 8 New FQDNs"
"2/5/2016 12:00:00 AM";"Optional";"DirSync and AADConnect";"False";"TCP";"443";"mscrl.microsoft.com";"106efa20-4cfc-4402-afe6-018ef9105dfb";"2/8/2016 11:59:40 AM";"True";"Adding";"Adding 9 New FQDNs"
"2/5/2016 12:00:00 AM";"Required";"Optional: Required for Delve";"False";"TCP";"443";"delve.office.com";"05dfb303-bfd5-4018-be81-06dfa204cfc4";"2/8/2016 11:59:40 AM";"True";"Adding";"Adding 1 New FQDNs"
"2/5/2016 12:00:00 AM";"Required";"Optional: Required for Office 365 Video";"False";"TCP";"443";"cvpreus01m01.streaming.mediaservices.windows.net";"79308daf-012e-4638-b615-9e900eb0eafb";"2/8/2016 11:59:40 AM";"True";"Adding";"Adding 50 New FQDNs"
"2/5/2016 12:00:00 AM";"Required";"Skype client quicktips";"False";"TCP";"443";"quicktips.skypeforbusiness.com";"07efa204-cfc4-402a-bd60-18ef8105dfb3";"2/8/2016 11:59:40 AM";"True";"Adding";"Adding 8 New FQDNs"
"2/5/2016 12:00:00 AM";"Required";"Dirsync and AADConnect";"False";"TCP";"80 & 443";"mscrl.microsoftonline.com";"cfc402af-d601-48ef-8106-dfb303bfc502";"2/8/2016 11:59:40 AM";"True";"Removing";"Removing 2 Old FQDNs"
;;;;;;"N/A";"9205cfc4-03af-4d60-98ef-8106dfa304bf";"2/8/2016 11:59:40 AM";"False";"Unknown";"Unknown - read description"
"2/5/2016 12:00:00 AM";"Required";"Optional: Required for Delve";"False";"TCP";"443";"r3.res.outlook.com";"cfc402af-e701-47ef-9205-dfb303bfd501";"2/8/2016 11:59:40 AM";"True";"Removing";"Removing 3 Old FQDNs"
;;;;;;"N/A";"8106dfa3-04bf-4c50-a9fe-7017ef9205cf";"2/10/2016 10:29:02 AM";"True";"InfoONly";"Information - read description"
"2/10/2016 12:00:00 AM";"Required";"Shared infrastructure";"False";"TCP";"443";"2620:1ec:4::160";"d8c79b16-e94e-40a8-9789-62b2b9fdce1e";"2/10/2016 10:29:02 AM";"True";"Adding";"Adding 24 New endpoints"
"2/17/2016 12:00:00 AM";"Optional";"Azure AD Connect";"False";"TCP";"443";"secure.aadcdn.microsoftonline-p.com";"7ef9205c-fb40-43af-9601-8ef8106dfa30";"2/10/2016 10:29:02 AM";"True";"Adding";"Adding 1 New FQDNs"
"2/10/2016 12:00:00 AM";"Required";"Exchange Online";"False";"TCP";"443";"2620:1ec:4::153";"e50c781f-2029-46ac-b2cd-f7d1f98f71d3";"2/10/2016 10:29:02 AM";"True";"Adding";"Adding 8 New IP_Sets"
"2/10/2016 12:00:00 AM";"Required";"Planner";"False";"TCP";"443";"13.107.13.83";"7ef9205d-fb30-43bf-9601-8fe8106dfa20";"2/10/2016 10:29:02 AM";"True";"Adding";"Adding 4 New IP_Sets"
"2/10/2016 12:00:00 AM";"Required";"Office 365 ProPlus";"False";"TCP";"443";"2620:1ec:5::51";"B825cd23-1d96-41ab-ad9a-b04a7e87295e";"2/10/2016 10:29:02 AM";"True";"Adding";"Adding 3 New IP_Sets"
"2/10/2016 12:00:00 AM";"Required";"Office Online";"False";"TCP";"443";"2a01:111:202c::205";"07efa204-cfc4-402a-bd60-18ef8106dfb3";"2/10/2016 10:29:02 AM";"True";"Adding";"Adding 8 New FQDNs"
"2/10/2016 12:00:00 AM";"Required";"Yammer";"False";"TCP";"443";"2620:1ec:4::159";"7017ef92-05cf-4b40-bafd-6018fe8106df";"2/10/2016 10:29:02 AM";"True";"Adding";"Adding 8 New IP_Sets"
;;;;;;"N/A";"bfc5029f-e701-47ef-9205-cfb303afd601";"2/10/2016 10:29:02 AM";"True";"InfoONly";"Information - read description"
"2/10/2016 12:00:00 AM";"Required";"Office 365 portal";"False";"TCP";"443";"204.79.197.0/24";"d6018ef8-106d-4fb3-83bf-d5029fe7107e";"2/10/2016 10:29:02 AM";"True";"Removing";"Removing 12 Old IP_Sets"
"2/10/2016 12:00:00 AM";"Required";"OneNote Online";"False";"TCP";"443";"<tenant>-myfiles.sharepoint.com";"f8106dfb-303b-4fc5-829f-e7107ef9205c";"2/10/2016 10:29:02 AM";"True";"Adding";"Adding 9 New Endpoints"
;;;;;;"N/A";"018ef810-5dfb-4303-bfd5-029fe7107ef9";"2/12/2016 1:26:59 PM";"False";"Unknown";"Unknown - read description"
"3/17/2016 12:00:00 AM";"Required";"Office 365 portal";"False";"TCP";"443";"40.76.1.176";"cfc4029f-e701-47ef-9205-dfb303bfd501";"2/16/2016 4:25:22 PM";"True";"Adding";"Adding 5 New endpoints"
"2/17/2016 12:00:00 AM";"Required";"Office 365 portal";"False";"TCP";"443";"104.42.231.54";"afd6018f-f810-46df-a304-bfc5029fe701";"2/16/2016 4:25:22 PM";"True";"Removing";"Removing 5 Old IP_Sets"
"2/17/2016 12:00:00 AM";"Required";"Exchange Online";"False";"TCP";"443";"191.234.192.0/19";"ef9204cf-c403-4afd-a018-ef8106dfa304";"2/16/2016 4:25:22 PM";"True";"Removing";"Removing 1 Old IP_Sets"
;;;;;;"N/A";"ef9205cf-b403-4afd-a018-fe8106dfa304";"2/16/2016 4:25:22 PM";"True";"InfoONly";"Information - read description"
"2/17/2016 12:00:00 AM";"Required";"Skype for Business";"False";"TCP";"443";"191.232.83.64/27";"05dfb303-bfd5-4019-be81-06efa204cfc4";"2/16/2016 4:25:22 PM";"True";"Removing";"Removing 4 Old IP_Sets"
"2/19/2016 12:00:00 AM";"Optional";"Multi-factor Authentication";"False";"TCP";"443";"css.phonefactor.net";"107ef920-5cfb-4403-afd6-018ff8106dfa";"2/18/2016 4:34:17 PM";"True";"Adding";"Adding 4 New FQDNs"
"2/19/2016 12:00:00 AM";"Required";"Skype for Business Online";"False";"TCP";"443";"40.110.0.0/16";"5029fe71-07ef-4920-8cfc-402afd6018ef";"2/18/2016 4:34:17 PM";"True";"Removing";"Removing 1 Old IP_Sets"
"2/19/2016 12:00:00 AM";"Required";"SharePoint Online";"False";"TCP";"443";"51.5.66.0/23";"bfd5029f-e710-46ef-a204-cfc402afd601";"2/18/2016 4:34:18 PM";"True";"Adding";"Adding 5 New IP_Sets"
"2/19/2016 12:00:00 AM";"Required";"SharePoint Online";"False";"TCP";"443";"191.235.0.0/20";"06efa204-cfc4-402a-be60-18ef9105dfb3";"2/18/2016 4:34:17 PM";"True";"Updating";"Updating 7 New IP_Sets"
"2/19/2016 12:00:00 AM";"Required";"SharePoint Online";"False";"TCP";"443";"104.146.0.0/19";"204cfc40-3afd-4601-8ef8-106dfa304bfc";"2/18/2016 4:34:17 PM";"True";"Updating";"Updating 1 New IP_Sets"
"2/19/2016 12:00:00 AM";"Required";"SharePoint Online";"False";"TCP";"443";"213.199.179.0/27";"7efa204c-fc40-42af-9601-8ef8105dfb30";"2/18/2016 4:34:17 PM";"True";"Removing";"Removing 52 Old IP_Sets"
"2/23/2016 12:00:00 AM";"Required";"Skype for Business Online";"False";"TCP";"443";"207.46.7.128/27";"c65a1610-fe41-4cf1-9bd3-9c0cbe63e1dd";"2/22/2016 2:11:19 PM";"True";"Removing";"Removing 17 Old IP_Sets"
;;;;;;"N/A";"cfc402af-d601-48ef-8105-dfb303bfd502";"2/22/2016 2:11:19 PM";"True";"InfoONly";"Information - read description"
"2/25/2016 12:00:00 AM";"Required";"Exchange Online Protection";"False";"TCP";"25";"134.170.132.0/24";"c5029fe7-107e-4f92-85cf-b403afd6018e";"2/25/2016 11:30:36 AM";"True";"Removing";"Removing 17 Old IP_Sets"
"2/25/2016 12:00:00 AM";"Required";"Remote Analyzer";"False";"TCP";"443";"testexchangeconnectivity.com";"04cfc402-afe6-4017-af91-05dfb303bfd5";"2/25/2016 11:30:36 AM";"True";"Removing";"Removing 7 Old Endpoints"
"2/25/2016 12:00:00 AM";"Required";"Exchange Online Protection";"False";"TCP";"25";"57.55.234.0/24";"3b8b8100-80b3-4b4d-a2bb-f47dbacda315";"2/25/2016 11:30:36 AM";"True";"Adding";"Adding 6 New IP_Sets"
;;;;;;"N/A";"507f181e-43ac-42c5-999c-1ee91e91c333";"2/25/2016 11:30:36 AM";"True";"InfoONly";"Information - read description"
"3/29/2016 12:00:00 AM";"Required";"Exchange Online";"False";"TCP";"443";"191.232.96.0/19";"4bfc5029-fe70-407e-b920-5cfb403afd60";"2/29/2016 11:41:31 AM";"True";"Adding";"Adding 1 New IP_Sets"
"2/29/2016 12:00:00 AM";"Optional";"Microsoft Azure Active Directory (MFA)";"False";"TCP";"443";"secure.aadcdn.microsoftonline-p.com";"105dfb30-3bfd-4502-9fe7-107efa204cfc";"2/29/2016 11:41:31 AM";"True";"Adding";"Adding 1 New FQDN"
"2/29/2016 12:00:00 AM";"Optional";"Microsoft Azure Active Directory (MFA)";"False";"TCP";"443";"css.phonefactor.net";"e6018ef9-105d-4fb3-83bf-d5029fe7106e";"2/29/2016 11:41:31 AM";"True";"Removing";"Removing 3 Old FQDN"
;;;;;;"N/A";"06dfb303-bfc5-4029-be71-07ef9205cfb4";"3/9/2016 4:06:53 PM";"True";"InfoONly";"Information - read description"
;;;;;;"N/A";"b303bfd5-018f-4e81-86df-a204cfc402af";"3/9/2016 4:06:53 PM";"True";"InfoONly";"Information - read description"
"3/9/2016 12:00:00 AM";"Required";"Recent documents";"False";"TCP";"443";"ocws.officeapps.live.com";"304bfc50-29fe-4700-bef9-205cfb403afd";"3/9/2016 4:06:53 PM";"True";"Adding";"Adding 6 New FQDNs"
;;;;;;"N/A";"7ef9205c-fb30-43bf-9601-8fe8106dfa20";"3/10/2016 5:57:31 PM";"True";"InfoONly";"Information - read description"
"5/1/2016 12:00:00 AM";"Required";"Exchange Online";"False";"TCP";"443";"40.104.0.0/15";"403afd60-18fe-4810-adfa-304bfc5029fe";"3/10/2016 5:57:31 PM";"True";"Adding";"Adding 2 New IP_Sets"
"5/1/2016 12:00:00 AM";"Required";"Office 365 Portal";"False";"TCP";"443";"40.112.187.89";"95b3c670-dd57-48d0-b0B1-6dba439e3da1";"3/10/2016 5:57:31 PM";"True";"Adding";"Adding 10 New IP_Sets"
"5/1/2016 12:00:00 AM";"Required";"Skype for Business Meeting Broadcast";"False";"TCP";"443";"131.253.135.128/25";"03bfd501-9fe7-4106-afa2-04cfc402afd6";"3/10/2016 5:57:31 PM";"True";"Adding";"Adding 3 New IP_Sets"
"5/1/2016 12:00:00 AM";"Required";"Authentication and identity";"False";"TCP";"443";"65.52.193.136/29";"c5029fe7-007e-4f92-85cf-b403afd6018f";"3/29/2016 12:55:12 PM";"True";"Adding";"Adding 64 New IP_Sets"
"5/1/2016 12:00:00 AM";"Required";"SharePoint Online";"False";"TCP";"443";"13.107.9.150";"afd6018e-f810-45df-b303-bfd5029fe710";"3/29/2016 12:55:12 PM";"True";"Removing";"Removing 3 Old IP_Set"
"5/1/2016 12:00:00 AM";"Required";"SharePoint Online";"False";"TCP";"443";"191.235.0.0/20";"4cfc402a-fd60-418e-b810-5dfb303bfd50";"3/29/2016 12:55:13 PM";"True";"Adding";"Adding 9 New IP_Sets"
"3/30/2016 12:00:00 AM";"Optional";"Azure Rights Management Services (RMS)";"False";"TCP";"443";"ecn.dev.virtualearth.net";"16a6af7a-78fe-4aff-a0c2-48b0e8b3256b";"3/29/2016 12:55:12 PM";"True";"Adding";"Adding 1 New FQDN"
"5/1/2016 12:00:00 AM";"Required";"Portal and Shared ER: No";"False";;;"2603:1040:401::c";"8ef8105d-fb30-43bf-9502-9fe7107efa20";"3/29/2016 12:55:12 PM";"True";"Adding";"Adding 10 New IP_Sets"
"3/30/2016 12:00:00 AM";"Required";"Office 365 Video";"False";"TCP";"443";"keydelivery.mediaservices.windows.net";"d6018fe8-106d-4fa3-84cf-c4029fe7017e";"3/29/2016 12:55:12 PM";"True";"Adding";"Adding 2 New FQDNs"
;;;;;;"N/A";"4f1350d6-accf-4119-b5dc-7b6d2f2da7a8";"3/29/2016 12:55:12 PM";"True";"InfoONly";"Information - read description"
"3/30/2016 12:00:00 AM";"Required";"Office 365 ProPlus";"False";"TCP";"80 & 443";"insertmedia.bing.office.net";"3bfd5029-fe71-407e-ba20-4cfc402afd60";"3/29/2016 12:55:12 PM";"True";"Adding";"Adding 2 New FQDNs"
"5/1/2016 12:00:00 AM";"Required";"Skype for Business";"False";"TCP";"443";"104.44.201.0/24";"19fe8106-efa2-404c-bc40-2afe6018ef91";"3/29/2016 12:55:12 PM";"True";"Adding";"Adding 24 New IP_Sets"
"5/1/2016 12:00:00 AM";"Required";"Exchange Online";"False";"TCP";"80 & 443";"157.56.240.0/20";"afe6017e-f910-45df-b303-bfd5019fe710";"3/29/2016 7:44:28 PM";"True";"Adding";"Adding 7 New IP_Sets"
"5/1/2016 12:00:00 AM";"Required";"Skype for Business";"False";;;"131.253.160.0/20";"8106dfa3-04cf-4c40-a9fe-7017ef9205df";"4/1/2016 1:30:52 PM";"True";"Adding";"Adding 2 New IP_Sets"
;;;;;;"N/A";"c8780112-60d2-4b59-8181-9ce7b39d20b2";"4/1/2016 1:30:52 PM";"False";"Unknown";"Unknown - read description"
"4/7/2016 12:00:00 AM";"Required";"Office Online";"False";"TCP";"443";"13.71.155.176";"5b855744-64ce-4788-887d-64c4aab79946";"4/5/2016 6:27:42 PM";"True";"Adding";"Adding 19 New IP_Sets"
"4/7/2016 12:00:00 AM";"Required";"Office Online";"False";"TCP";"443";"204.79.197.205";"cb6df7e7-9ddb-49eb-a229-2967d0f506e7";"4/5/2016 6:27:42 PM";"True";"Removing";"Removing 4 Old IP_Sets"
;;;;;;"N/A";"ef8105df-b303-4bfd-9029-fe7107efa204";"4/8/2016 5:19:54 PM";"True";"InfoONly";"Information - read description"
;;;;;;"N/A";"5cfb403a-fd60-418e-b810-6dfa304bfc50";"4/8/2016 5:19:54 PM";"True";"InfoONly";"Information - read description"
"4/14/2016 12:00:00 AM";"Required";"Office 365 Portal";"False";"TCP";"443";"portal.microsoftonline.com";"8e272aa8-da64-4453-8ce3-a78011351710";"4/14/2016 12:48:53 PM";"True";"Adding";"Adding 1 New FQDNs"
"4/14/2016 12:00:00 AM";"Optional";"Federation with Skype and public IM connectivity: Skype Search";"False";"TCP";"80";"Graph.skype.com";"a41a3d57-f9eb-4cda-988b-decc6f75aace";"4/14/2016 12:48:53 PM";"True";"Adding";"Adding 3 New FQDNs"
"4/8/2016 12:00:00 AM";"Required";"Office 365 ProPlus download";"False";"TCP";"80 and 443";"officecdn.microsoft.com.edgekey.net";"04cfc402-afd6-4018-af81-06dfb303bfd5";"4/20/2016 7:08:01 PM";"True";"Adding";"Adding 2 New FQDNs"
"4/22/2016 12:00:00 AM";"Required";"Office 365 shared infrastructure";"False";"TCP";"443";"officeclient.microsoft.com";"fd6018ef-8106-4dfa-b04b-fc5029fe7007";"4/20/2016 7:08:01 PM";"True";"Adding";"Adding 1 New FQDNs"
;;;;;;"N/A";"dfb303bf-d502-49fe-b107-efa204cfc402";"4/20/2016 7:08:01 PM";"True";"InfoONly";"Information - read description"
"5/22/2016 12:00:00 AM";"Optional";"Security and Compliance export";"False";"TCP";"443";"zoom-cs-prod*.cloudapp.net";"304cfc40-29fe-4701-bef9-205dfb303bfd";"4/20/2016 7:08:01 PM";"True";"Adding";"Adding 7 New FQDNs"
"5/22/2016 12:00:00 AM";"Optional";"Cloud App Security";"False";"TCP";"443";"13.91.98.185";"cfc402af-e701-47ef-9205-dfb303bfd501";"4/20/2016 7:08:01 PM";"True";"Adding";"Adding 3 New IP_Sets"
;;;;;;"N/A";"fd5019fe-8106-4efa-a04c-fc402afe6017";"4/20/2016 7:08:01 PM";"True";"InfoONly";"Information - read description"
"5/1/2016 12:00:00 AM";"Required";"Office Online";"False";"TCP";"443";"104.215.194.17";"4cfc402a-fd60-418e-b810-6dfb303bfd50";"4/29/2016 5:53:13 PM";"True";"Adding";"Adding 2 New IP_Sets"
"6/1/2016 12:00:00 AM";"Required";"Office Online";"False";"TCP";"443";"134.170.170.64/26";"fa304bfc-5029-4fe7-907e-f9205cfb403a";"4/29/2016 5:53:14 PM";"True";"Removing";"Removing 8 Old IP_Sets"
"6/1/2016 12:00:00 AM";"Required";"Portal and Shared";"False";"TCP";"443";"111.221.16.0/21";"205cfb40-3afd-4601-8ef8-106dfa304bfc";"4/29/2016 5:53:15 PM";"True";"Removing";"Removing 2 Old IP_Sets"
"6/1/2016 12:00:00 AM";"Required";"Authentication and identity";"False";"TCP";"443";"132.245.0.0/16";"f9205cfb-303b-4fd6-818f-e8106dfa204c";"4/29/2016 5:52:16 PM";"True";"Removing";"Removing 3 Old IP_Sets"
;;;;;;"N/A";"c402afe6-017e-4f92-85df-b303bfd5019f";"4/29/2016 5:52:17 PM";"True";"InfoONly";"Information - read description"
"6/1/2016 12:00:00 AM";"Required";"Skype for Business Online";"False";"TCP";"443";"131.253.166.64/26";"02afe701-7ef9-4205-9fb3-03bfd5018fe8";"4/29/2016 5:52:18 PM";"True";"Removing";"Removing 48 Old IP_Sets"
"6/1/2016 12:00:00 AM";"Required";"Exchange Online";"False";"TCP";"443";"111.221.112.0/21";"d5019fe8-106e-4fa2-84cf-c402afe6018e";"4/29/2016 5:52:19 PM";"True";"Removing";"Removing 5 Old IP_Sets"
"6/1/2016 12:00:00 AM";"Required";"Optional: Required for OneNote notebooks";"False";"TCP";"443";"104.209.130.88";"fc5029fe-7107-4ef9-a05c-fb403afd6018";"5/3/2016 11:25:45 AM";"True";"Adding";"Adding 16 New IP_Sets"
"5/3/2016 12:00:00 AM";"Required";"Skype Meeting Broadcast attendee";"False";"TCP";"443";"*.keydelivery.mediaservices.windows.net";"107ef920-5cfb-4403-afd6-018ef8106dfa";"5/3/2016 11:25:45 AM";"True";"Adding";"Adding 8 New FQDNs"
"5/31/2016 12:00:00 AM";"Required";"Office Online";"False";"TCP";"443";"40.86.230.88";"029fe710-7ef9-4205-8fb4-03afd6018ff8";"5/18/2016 3:08:41 PM";"True";"Adding";"Adding 2 New IP_Sets"
"5/18/2016 12:00:00 AM";"Required";"Client push notification";"False";"TCP";"443";"wns.windows.com";"2afe6018-ef91-405d-bb30-3bfd5029fe71";"5/18/2016 3:08:39 PM";"True";"Adding";"Adding 12 New FQDNs"
"7/1/2016 12:00:00 AM";"Required";"Required for Skype for Business Online";"False";"TCP";"443";"52.112.0.0/15";"fb403afd-6018-4fe8-906d-fa304bfc5029";"5/18/2016 3:08:40 PM";"True";"Adding";"Adding 1 New IP_Sets"
"5/18/2016 12:00:00 AM";"Required";"Optional: Required for OneNote notebooks";"False";"TCP";"443";"13.93.219.105/32";"f9205cfb-403a-4fd6-818f-e8106dfa304b";"5/18/2016 3:08:36 PM";"True";"Adding";"Adding 2 New IP_Sets"
"7/1/2016 12:00:00 AM";"Required";"Exchange Online";"True";;;"40.105.0.0/16";"6efa204c-fc40-42af-a601-8ef9105dfb30";"6/1/2016 12:22:34 PM";"True";"Removing";"Removing 10 New IP_Sets"
"7/1/2016 12:00:00 AM";"Required";"Exchange Online";"True";;;"157.56.96.224/28";"106efa20-4cfc-4402-afd6-018ef9105dfb";"6/1/2016 12:22:35 PM";"True";"Adding";"Adding 30 New IP_Sets"
"7/1/2016 12:00:00 AM";"Required";"Exchange Online";"True";;;"2620:1ec:d::11";"9205cfb4-03af-4d60-98ff-8106dfa304bf";"6/1/2016 12:22:36 PM";"True";"Adding";"Adding 6 New IP_Sets"
"7/1/2016 12:00:00 AM";"Required";"Required for Skype for Business Online";"True";;;"23.103.130.0/24";"a204cfc4-02af-4d60-98ef-8105dfb303bf";"6/1/2016 12:22:37 PM";"True";"Adding";"Adding 4 New IP_Sets"
"7/1/2016 12:00:00 AM";"Required";"Required for Skype for Business Online";"True";;;"111.221.22.64/26";"02afd601-8ef9-4105-9fb3-03bfd5029fe7";"6/1/2016 12:22:38 PM";"True";"Removing";"Removing 3 Old IP_Sets"
"7/1/2016 12:00:00 AM";"Optional";"Security and compliance export";"False";;;"Compliance.outlook.com";"029fe701-7ef9-4205-8fb3-03afd6018fe8";"6/1/2016 12:22:39 PM";"True";"Adding";"Adding 1 New FQDNs"
"7/1/2016 12:00:00 AM";"Required";"Office 365 Portal";"True";;;"2603:1040:601::2f";"204cfc40-2afe-4601-bef9-105dfb303bfd";"6/1/2016 12:22:40 PM";"True";"Adding";"Adding 13 New IP_Sets"
"7/1/2016 12:00:00 AM";"Required";"Authentication and Identity";"True";;;"132.245.165.0/25";"07ef9205-cfb4-403a-bd60-18fe8106dfa3";"6/1/2016 12:22:42 PM";"True";"Removing";"Removing 1 Old IP_Sets"
"7/1/2016 12:00:00 AM";"Required";"Authentication and Identity";"True";;;"191.239.160.144/31";"3bfd5018-fe81-406d-ba20-4cfc402afe60";"6/1/2016 12:22:44 PM";"True";"Adding";"Adding 7 New IP_Sets"
"7/1/2016 12:00:00 AM";"Required";"Authentication and Identity";"True";;;"msm.microsoftonline.com";"afd6018e-f810-46df-a303-bfc5029fe710";"6/1/2016 12:22:46 PM";"True";"Adding";"Adding 15 New FQDNs"
"7/1/2016 12:00:00 AM";"Required";"Planner";"False";;;"13.107.13.82/31";"17ef9205-dfb3-403b-bd50-19fe8106efa2";"6/1/2016 12:22:52 PM";"True";"Adding";"Adding 2 New IP_Sets"
"7/1/2016 12:00:00 AM";"Required";"Yammer";"False";;;"13.107.9.158/31";"17ef9105-dfb3-403b-bd50-19fe8106efa2";"6/1/2016 12:22:50 PM";"True";"Adding";"Adding 2 New IP_Sets"
"7/1/2016 12:00:00 AM";"Required";"Exchange Online Protection";"True";;;"157.56.111.0/24";"106dfa30-4bfc-4502-9fe7-017ef9205cfb";"6/1/2016 12:22:53 PM";"True";"Removing";"Removing 1 Old IP_Sets"
"7/1/2016 12:00:00 AM";"Required";"Exchange Online Protection";"True";;;"216.32.180.0/23";"029fe710-7ef9-4205-8fb4-03afd6018ef8";"6/1/2016 12:22:56 PM";"True";"Adding";"Adding 1 New IP_Sets"
"8/1/2016 12:00:00 AM";"Required";"Office 365 Authentication and identity";"True";;;"2a01:111:2005:6::/64";"29fe7107-ef92-404c-bc40-3afd6018ef81";"6/13/2016 3:06:37 PM";"True";"Adding";"Adding 1 New IP_Sets"
"8/1/2016 12:00:00 AM";"Required";"Exchange Online Protection";"True";;;"207.46.101.128/26";"ef9205cf-b403-4afd-a018-fe8106dfa304";"6/13/2016 3:06:39 PM";"True";"Removing";"Removing 11 Old IP_Sets"
"8/1/2016 12:00:00 AM";"Required";"Exchange Online Protection";"True";;;"40.92.0.0/14";"29fe7017-ef92-405c-bb40-3afd6018fe81";"6/13/2016 3:06:41 PM";"True";"Adding";"Adding 1 New IP_Sets"
"8/1/2016 12:00:00 AM";"Required";"Exchange Online Protection";"False";;;"40mshrcstorageprod.blob.core.windows.net";"7ef9205d-fb30-43bf-9501-9fe8106dfa20";"6/13/2016 3:06:43 PM";"True";"Adding";"Adding 1 New FQDNs"
"6/13/2016 12:00:00 AM";"Required";"Office Online";"True";;;"13.94.209.165";"8ef9105d-fb30-43bf-9502-9fe7106efa20";"6/13/2016 3:06:45 PM";"True";"Adding";"Adding 1 New IP_Sets"
"8/1/2016 12:00:00 AM";"Required";"Skype for Business Online";"True";;;"132.245.162.0/25";"dfa204cf-c402-4afe-a017-ef9205dfb303";"6/22/2016 12:46:39 PM";"True";"Removing";"Removing 3 Old IP_Sets"
"8/1/2016 12:00:00 AM";"Required";"Exchange Online Protection";"True";;;"216.32.181.0/24";"106dfa30-4bfc-4502-9fe7-007ef9205cfb";"6/22/2016 12:46:41 PM";"True";"Removing";"Removing 2 Old IP_Sets"
"8/1/2016 12:00:00 AM";"Required";"Exchange Online";"True";;;"132.245.0.0/16";"018ef810-6dfa-4304-bfc5-029fe7107ef9";"6/22/2016 12:46:42 PM";"True";"Removing";"Removing 7 Old IP_Sets"
"7/21/2016 12:00:00 AM";"Required";"OneNote";"False";;;"104.211.163.139/32";"e7107ef9-205c-4fb4-83af-d6018ff8106d";"6/22/2016 12:46:44 PM";"True";"Adding";"Adding 3 New IP_Sets"
"7/21/2016 12:00:00 AM";"Required";"OneNote";"False";;;"168.61.25.60/32";"03bfd502-9fe7-4107-afa2-04cfc402afd6";"6/22/2016 12:46:47 PM";"True";"Removing";"Removing 19 Old IP_Sets"
